月,発電基準値,太陽光発電量,再エネ自家消費量,売電量,蓄電池充電量,電池残量,消費電力量,買電量
1,456.0,0.0,0.0,0.0,0.0,0.0,381.7,381.7
2,436.0,0.0,0.0,0.0,0.0,0.0,363.0,363.0
3,565.0,0.0,0.0,0.0,0.0,0.0,387.9,387.9
4,597.0,0.0,0.0,0.0,0.0,0.0,326.2,326.2
5,703.0,0.0,0.0,0.0,0.0,0.0,336.8,336.8
6,540.0,0.0,0.0,0.0,0.0,0.0,348.0,348.0
7,633.0,0.0,0.0,0.0,0.0,0.0,582.5,582.5
8,612.0,0.0,0.0,0.0,0.0,0.0,548.5,548.5
9,483.0,116.186,112.099,4.087,59.625,0.0,449.427,345.7
10,395.0,113.148,106.87,6.278,64.51,76.0,98.302,10.2
11,340.0,0.0,0.0,0.0,0.0,0.0,0.0,0.0
12,381.0,0.0,0.0,0.0,0.0,0.0,0.0,0.0
