時間,太陽光発電量,再エネ自家消費量,売電量,蓄電池充電量,電池残量,消費電力量,買電量
0,0,0,0,0.001,0,0.369,0.4
1,0,0,0,0.083,0,0.317,0.3
2,0,0,0,0,0,0.312,0.3
3,0,0,0,0,0,0.301,0.3
4,0,0,0,0,0,1.132,1.1
5,0,0,0,0,0,1.406,1.5
6,0.022,0.022,0,0,0,0.453,0.4
7,0.116,0.116,0,0,0,0.516,0.4
8,0.53,0.529,0.001,0.063,0,0.681,0.3
9,0.901,0.901,0,0.53,1,0.346,0
10,0.801,0.801,0,0.467,5,0.306,0
11,1.033,1.033,0,0.693,9,0.317,0
12,0.811,0.81,0.001,0.47,14,0.314,0
13,1.133,1.133,0,0.708,19,0.401,0
14,1.133,1.133,0,0.652,22,0.456,0
15,0.503,0.502,0.001,0.159,27,0.411,0
16,0.099,0.099,0,0,29,0.432,0
17,0.003,0.003,0,0,23,0.358,0.1
18,0,0,0,0,20,0.832,0
19,0,0,0,0,13,0.791,0
20,0,0,0,0,6,0.664,0.1
21,0,0,0,0,1,0.571,0.3
22,0,0,0,0,0,0.454,0.5
23,0,0,0,0,0,0.402,0.4
