日,太陽光発電量,再エネ自家消費量,売電量,蓄電池充電量,電池残量,消費電力量,買電量
1,0,0,0,0,0,28.3,28.3
2,0,0,0,0,0,27.4,27.4
3,0,0,0,0,0,15.6,15.6
4,0,0,0,0,0,15.9,15.9
5,0,0,0,0,0,16.9,16.9
6,0,0,0,0,0,13.5,13.5
7,0,0,0,0,0,12.2,12.2
8,0,0,0,0,0,18,18
9,0,0,0,0,0,20.3,20.3
10,0,0,0,0,0,18.2,18.2
11,0,0,0,0,0,18.5,18.5
12,0,0,0,0,0,17.2,17.2
13,0,0,0,0,0,16.2,16.2
14,0,0,0,0,0,12,12
15,0,0,0,0,0,7.2,7.2
16,0,0,0,0,0,8.4,8.4
17,0,0,0,0,0,11.5,11.5
18,0,0,0,0,0,17,17
19,0,0,0,0,0,20.4,20.4
20,0,0,0,0,0,21.8,21.8
21,0,0,0,0,0,20.3,20.3
22,0,0,0,0,0,18,18
23,0,0,0,0,0,22.9,22.9
24,0,0,0,0,0,21.2,21.2
25,0,0,0,0,0,24.2,24.2
26,0,0,0,0,0,24.8,24.8
27,0,0,0,0,0,15.5,15.5
28,0,0,0,0,0,19.9,19.9
29,0,0,0,0,0,14,14
30,0,0,0,0,0,16.5,16.5
31,0,0,0,0,0,14.7,14.7
